{
  "W_coh": 20,
  "N": 1,
  "L_inst": 1.0,
  "ell_lock": 7.59974481303769,
  "Q_clock": 0.0003819444723037729
}