{
  "W_coh": 20,
  "N": 2,
  "L_inst": 0.6237638888888889,
  "ell_lock": 9.632983881822527,
  "Q_clock": 0.3029866041568659
}