{
  "W_coh": 20,
  "N": 4,
  "L_inst": 0.3979722222222222,
  "ell_lock": 10.325493920594358,
  "Q_clock": 0.0036900328461432663
}