{
  "W_coh": 20,
  "N": 8,
  "L_inst": 0.2766623263888889,
  "ell_lock": 7.899212372343285,
  "Q_clock": 0.013772982213939444
}