{
  "W_coh": 100,
  "N": 16,
  "L_inst": 0.38956163194444443,
  "ell_lock": 81.1811419774556,
  "Q_clock": 0.014977267756854129
}