{
  "W_coh": 100,
  "N": 16,
  "L_inst": 0.9133897569444445,
  "ell_lock": 5.189457661536995,
  "Q_clock": 0.3257937821042397
}