{
  "W_coh": 50,
  "N": 8,
  "L_inst": 0.7931510416666666,
  "ell_lock": 113.66831461418377,
  "Q_clock": 0.026104552621880137
}