{
  "W_coh": 20,
  "N": 1,
  "L_inst": 1.0,
  "ell_lock": 7.448260730606731,
  "Q_clock": 3.472222224315335e-05
}