{
  "W_coh": 20,
  "N": 4,
  "L_inst": 0.3718489583333333,
  "ell_lock": 7.427709229315823,
  "Q_clock": 0.0023249719180799796
}