{
  "W_coh": 50,
  "N": 8,
  "L_inst": 0.6130729166666666,
  "ell_lock": 40.93378802942721,
  "Q_clock": 0.6196356617484098
}