{
  "W_coh": 100,
  "N": 8,
  "L_inst": 0.7410503472222222,
  "ell_lock": 80.00533994105449,
  "Q_clock": 0.8521519903623418
}