{
  "W_coh": 100,
  "N": 16,
  "L_inst": 0.9418755425347223,
  "ell_lock": 4.4636889536847475,
  "Q_clock": 0.015671414205232492
}