{
  "W_coh": 20,
  "N": 2,
  "L_inst": 0.5031597222222223,
  "ell_lock": 7.2064298363708925,
  "Q_clock": 0.012336392057663766
}