{
  "W_coh": 100,
  "N": 1,
  "L_inst": 1.0,
  "ell_lock": 26.430380377011918,
  "Q_clock": 0.005777006120131951
}