{
  "W_coh": 20,
  "N": 2,
  "L_inst": 0.6174755859375,
  "ell_lock": 8.668309710917024,
  "Q_clock": 0.2803623335679734
}