{
  "W_coh": 50,
  "N": 32,
  "L_inst": 0.9239385308159722,
  "ell_lock": 3.777383799663179,
  "Q_clock": 0.1259299870680848
}