{
  "W_coh": 20,
  "N": 4,
  "L_inst": 0.5580902777777778,
  "ell_lock": 12.69550679221645,
  "Q_clock": 0.018768737713006904
}