{
  "W_coh": 100,
  "N": 1,
  "L_inst": 1.0,
  "ell_lock": 25.956599803168565,
  "Q_clock": 0.016946877463657386
}