{
  "W_coh": 50,
  "N": 1,
  "L_inst": 1.0,
  "ell_lock": 19.063187969116694,
  "Q_clock": 0.007222410586929973
}