{
  "W_coh": 20,
  "N": 2,
  "L_inst": 0.5001944444444445,
  "ell_lock": 10.36333903505229,
  "Q_clock": 0.008326816302824258
}