{
  "W_coh": 20,
  "N": 2,
  "L_inst": 0.5004930555555556,
  "ell_lock": 9.915381524576677,
  "Q_clock": 0.004701958526052409
}