{
  "W_coh": 20,
  "N": 8,
  "L_inst": 0.486640625,
  "ell_lock": 12.99722106636486,
  "Q_clock": 0.2870880243231948
}