{
  "W_coh": 50,
  "N": 8,
  "L_inst": 0.27308506944444444,
  "ell_lock": 17.414350105896133,
  "Q_clock": 0.020259501463931087
}