{
  "W_coh": 50,
  "N": 4,
  "L_inst": 0.6562222222222223,
  "ell_lock": 23.695065309021885,
  "Q_clock": 0.6037205976978928
}