{
  "W_coh": 20,
  "N": 4,
  "L_inst": 0.5221413845486111,
  "ell_lock": 8.430637380076371,
  "Q_clock": 0.29574689560058964
}