{
  "W_coh": 100,
  "N": 8,
  "L_inst": 0.9238368055555556,
  "ell_lock": 208.83423002307043,
  "Q_clock": 0.28059143511730683
}