{
  "W_coh": 20,
  "N": 8,
  "L_inst": 0.6756803385416666,
  "ell_lock": 19.987433826984102,
  "Q_clock": 0.0014401820561486536
}