{
  "W_coh": 20,
  "N": 4,
  "L_inst": 0.37491319444444443,
  "ell_lock": 10.324055600096557,
  "Q_clock": 0.011955220369117118
}