{
  "W_coh": 100,
  "N": 8,
  "L_inst": 0.7381643337673611,
  "ell_lock": 112.19891974428263,
  "Q_clock": 0.9605933737225205
}