{
  "W_coh": 50,
  "N": 4,
  "L_inst": 0.3738888888888889,
  "ell_lock": 13.71256506622277,
  "Q_clock": 0.057904170377424624
}