{
  "W_coh": 50,
  "N": 4,
  "L_inst": 0.3797829861111111,
  "ell_lock": 14.260130887760255,
  "Q_clock": 0.012972193839454242
}