{
  "W_coh": 100,
  "N": 1,
  "L_inst": 1.0,
  "ell_lock": 26.911489144772982,
  "Q_clock": 0.03769341544778125
}