{
  "W_coh": 50,
  "N": 2,
  "L_inst": 0.7108289930555556,
  "ell_lock": 12.990556548829439,
  "Q_clock": 0.551941658006308
}