{
  "W_coh": 50,
  "N": 8,
  "L_inst": 0.2738454861111111,
  "ell_lock": 14.048454285030864,
  "Q_clock": 0.001174724837881916
}