{
  "W_coh": 100,
  "N": 2,
  "L_inst": 0.5033125,
  "ell_lock": 32.66521388761691,
  "Q_clock": 0.005099904230563175
}