{
  "W_coh": 100,
  "N": 8,
  "L_inst": 0.8899739583333334,
  "ell_lock": 289.3929332866553,
  "Q_clock": 0.02087739275607861
}