{
  "W_coh": 100,
  "N": 1,
  "L_inst": 1.0,
  "ell_lock": 25.883076952405816,
  "Q_clock": 0.036934889506252386
}