{
  "W_coh": 100,
  "N": 4,
  "L_inst": 0.8294303385416667,
  "ell_lock": 94.30974459768893,
  "Q_clock": 0.009194591502393486
}