{
  "W_coh": 20,
  "N": 8,
  "L_inst": 0.33339409722222224,
  "ell_lock": 8.377953239556803,
  "Q_clock": 0.0024358818064891385
}