{
  "W_coh": 20,
  "N": 2,
  "L_inst": 0.4950347222222222,
  "ell_lock": 7.537755966762164,
  "Q_clock": 0.002122067112333523
}