{
  "W_coh": 20,
  "N": 8,
  "L_inst": 0.2734244791666667,
  "ell_lock": 6.915401818265632,
  "Q_clock": 0.011331736166753882
}