{
  "W_coh": 50,
  "N": 1,
  "L_inst": 1.0,
  "ell_lock": 19.394588491650108,
  "Q_clock": 0.005458414646312028
}