{
  "W_coh": 50,
  "N": 8,
  "L_inst": 0.2643923611111111,
  "ell_lock": 12.936746720291012,
  "Q_clock": 0.008933436302614388
}