{
  "W_coh": 20,
  "N": 32,
  "L_inst": 0.8183197699652778,
  "ell_lock": 19.158888668143614,
  "Q_clock": 0.2189163444203917
}