{
  "W_coh": 100,
  "N": 16,
  "L_inst": 0.9550689019097223,
  "ell_lock": 9.465511425088232,
  "Q_clock": 0.010588618521913869
}