{
  "W_coh": 20,
  "N": 1,
  "L_inst": 1.0,
  "ell_lock": 9.969145028753903,
  "Q_clock": 0.0034861322946072516
}