{
  "W_coh": 50,
  "N": 2,
  "L_inst": 0.499,
  "ell_lock": 18.95264282300702,
  "Q_clock": 0.0008061228443215063
}