{
  "W_coh": 100,
  "N": 2,
  "L_inst": 0.7930658637152778,
  "ell_lock": 25.178691994246165,
  "Q_clock": 0.8218952669186607
}