{
  "W_coh": 20,
  "N": 4,
  "L_inst": 0.6867252604166667,
  "ell_lock": 10.752317980474146,
  "Q_clock": 0.274350658198123
}