{
  "W_coh": 20,
  "N": 2,
  "L_inst": 0.49572916666666667,
  "ell_lock": 7.119310494322155,
  "Q_clock": 0.0044384574779751515
}