{
  "W_coh": 20,
  "N": 1,
  "L_inst": 1.0,
  "ell_lock": 6.91765736958846,
  "Q_clock": 0.016286881942263298
}