{
  "W_coh": 100,
  "N": 16,
  "L_inst": 0.7345551215277778,
  "ell_lock": 28.758394103729028,
  "Q_clock": 0.748968818729733
}