{
  "W_coh": 20,
  "N": 2,
  "L_inst": 0.6205277777777778,
  "ell_lock": 9.325417035683325,
  "Q_clock": 0.29262849037470734
}