{
  "W_coh": 20,
  "N": 4,
  "L_inst": 0.6862489149305555,
  "ell_lock": 12.791639976571425,
  "Q_clock": 0.2863179799732772
}