{
  "W_coh": 50,
  "N": 4,
  "L_inst": 0.6425634765625,
  "ell_lock": 19.056522238864808,
  "Q_clock": 0.562305890327605
}