{
  "W_coh": 50,
  "N": 2,
  "L_inst": 0.49223958333333334,
  "ell_lock": 15.02677738968125,
  "Q_clock": 0.028840030230345794
}