{
  "W_coh": 50,
  "N": 8,
  "L_inst": 0.6018660481770833,
  "ell_lock": 32.583741147535655,
  "Q_clock": 0.5961794043785492
}