{
  "W_coh": 100,
  "N": 2,
  "L_inst": 0.7946666666666666,
  "ell_lock": 23.23041989634031,
  "Q_clock": 0.9013422843833129
}