{
  "W_coh": 20,
  "N": 32,
  "L_inst": 0.8186021931966145,
  "ell_lock": 381.1328080218379,
  "Q_clock": 0.14142615732722205
}