{
  "W_coh": 20,
  "N": 2,
  "L_inst": 0.4988020833333333,
  "ell_lock": 7.558462049256983,
  "Q_clock": 0.0001997269939286497
}