{
  "W_coh": 100,
  "N": 2,
  "L_inst": 0.5143576388888889,
  "ell_lock": 23.73805993998367,
  "Q_clock": 0.05107108604307974
}