{
  "W_coh": 50,
  "N": 1,
  "L_inst": 1.0,
  "ell_lock": 13.755741293009153,
  "Q_clock": 0.03564762810835091
}