{
  "W_coh": 50,
  "N": 2,
  "L_inst": 0.711015625,
  "ell_lock": 16.39593450715303,
  "Q_clock": 0.5386947347260006
}