{
  "W_coh": 100,
  "N": 4,
  "L_inst": 0.8260416666666667,
  "ell_lock": 66.92931285481295,
  "Q_clock": 0.16597839887666563
}