{
  "W_coh": 20,
  "N": 16,
  "L_inst": 0.39856119791666667,
  "ell_lock": 13.534960362695927,
  "Q_clock": 0.2999054339221951
}