{
  "W_coh": 20,
  "N": 1,
  "L_inst": 1.0,
  "ell_lock": 9.851813405181854,
  "Q_clock": 0.003680580485111874
}