{
  "W_coh": 100,
  "N": 2,
  "L_inst": 0.4977986111111111,
  "ell_lock": 31.051069080176156,
  "Q_clock": 0.025274070991683495
}