{
  "W_coh": 20,
  "N": 1,
  "L_inst": 1.0,
  "ell_lock": 10.105166616212024,
  "Q_clock": 0.019851132409244833
}