{
  "W_coh": 50,
  "N": 16,
  "L_inst": 0.9122629123263889,
  "ell_lock": 20.743758892213563,
  "Q_clock": 0.12871691904841898
}