{
  "W_coh": 100,
  "N": 2,
  "L_inst": 0.7980069444444444,
  "ell_lock": 26.350726594498504,
  "Q_clock": 0.8796661166389488
}