{
  "W_coh": 100,
  "N": 4,
  "L_inst": 0.41250868055555556,
  "ell_lock": 24.150462102405996,
  "Q_clock": 0.0018492682232002385
}