{
  "W_coh": 50,
  "N": 16,
  "L_inst": 0.196884765625,
  "ell_lock": 14.779506703623111,
  "Q_clock": 0.01315930643587502
}