{
  "W_coh": 20,
  "N": 1,
  "L_inst": 1.0,
  "ell_lock": 7.220790445034145,
  "Q_clock": 0.0025303900452895815
}