{
  "W_coh": 50,
  "N": 2,
  "L_inst": 0.4985590277777778,
  "ell_lock": 13.16280435953523,
  "Q_clock": 0.0024341969025411156
}