{
  "W_coh": 100,
  "N": 4,
  "L_inst": 0.9041111111111111,
  "ell_lock": 71.90641294275306,
  "Q_clock": 1.0316800704635063
}