{
  "W_coh": 20,
  "N": 4,
  "L_inst": 0.6631840277777777,
  "ell_lock": 13.098561571077747,
  "Q_clock": 0.29577851911563713
}