{
  "W_coh": 100,
  "N": 1,
  "L_inst": 1.0,
  "ell_lock": 31.05041033961274,
  "Q_clock": 0.009069817470228596
}