{
  "W_coh": 100,
  "N": 4,
  "L_inst": 0.7912430555555555,
  "ell_lock": 91.25022809702497,
  "Q_clock": 0.01648546320234759
}