{
  "W_coh": 20,
  "N": 4,
  "L_inst": 0.4175520833333333,
  "ell_lock": 7.6201263161958614,
  "Q_clock": 0.02483944708121079
}