{
  "W_coh": 100,
  "N": 4,
  "L_inst": 0.7510850694444444,
  "ell_lock": 32.38433141990248,
  "Q_clock": 0.8699554293630691
}