{
  "W_coh": 100,
  "N": 2,
  "L_inst": 0.5054513888888889,
  "ell_lock": 22.580724476275808,
  "Q_clock": 0.003858319065467696
}