{
  "W_coh": 20,
  "N": 4,
  "L_inst": 0.5366076388888888,
  "ell_lock": 11.463928510078038,
  "Q_clock": 0.3010391952093736
}