{
  "W_coh": 100,
  "N": 8,
  "L_inst": 0.2759079861111111,
  "ell_lock": 30.295925311106878,
  "Q_clock": 0.008425058138730944
}