{
  "W_coh": 20,
  "N": 4,
  "L_inst": 0.37436631944444443,
  "ell_lock": 6.864224485758986,
  "Q_clock": 0.020556039610971626
}