{
  "W_coh": 100,
  "N": 8,
  "L_inst": 0.9451443142361111,
  "ell_lock": 87.26728793367546,
  "Q_clock": 0.3744863913910252
}