{
  "W_coh": 50,
  "N": 8,
  "L_inst": 0.3437222222222222,
  "ell_lock": 22.409221750420212,
  "Q_clock": 0.006432960248998606
}