{
  "W_coh": 20,
  "N": 1,
  "L_inst": 1.0,
  "ell_lock": 10.508888033339558,
  "Q_clock": 0.010472796500349425
}