{
  "W_coh": 100,
  "N": 8,
  "L_inst": 0.27674045138888886,
  "ell_lock": 22.9149310244727,
  "Q_clock": 0.0004730658647843501
}