{
  "W_coh": 50,
  "N": 1,
  "L_inst": 1.0,
  "ell_lock": 15.012079966420043,
  "Q_clock": 0.0016992212031201497
}