{
  "W_coh": 50,
  "N": 1,
  "L_inst": 1.0,
  "ell_lock": 14.592137297791208,
  "Q_clock": 0.0074654858078279495
}