{
  "W_coh": 100,
  "N": 8,
  "L_inst": 0.4015842013888889,
  "ell_lock": 42.272133360315586,
  "Q_clock": 0.10454216538234849
}