{
  "W_coh": 100,
  "N": 2,
  "L_inst": 0.5012291666666666,
  "ell_lock": 30.931889757142883,
  "Q_clock": 0.00954447316713729
}