{
  "W_coh": 100,
  "N": 1,
  "L_inst": 1.0,
  "ell_lock": 23.4843817914371,
  "Q_clock": 0.027718976022443553
}