{
  "W_coh": 20,
  "N": 8,
  "L_inst": 0.7510639105902778,
  "ell_lock": 28.77742485040174,
  "Q_clock": 0.29048231128931434
}