{
  "W_coh": 100,
  "N": 4,
  "L_inst": 0.37938368055555555,
  "ell_lock": 24.592775901591846,
  "Q_clock": 0.056518440825684975
}