{
  "W_coh": 50,
  "N": 1,
  "L_inst": 1.0,
  "ell_lock": 13.764194947907527,
  "Q_clock": 0.01406389066341356
}