{
  "W_coh": 100,
  "N": 4,
  "L_inst": 0.7563145616319444,
  "ell_lock": 38.33791375259282,
  "Q_clock": 0.9062987532055784
}