{
  "W_coh": 20,
  "N": 4,
  "L_inst": 0.5676979166666667,
  "ell_lock": 12.936505843620086,
  "Q_clock": 0.008387286038854868
}