{
  "W_coh": 50,
  "N": 1,
  "L_inst": 1.0,
  "ell_lock": 15.070794203089122,
  "Q_clock": 0.00680571316267856
}