{
  "W_coh": 20,
  "N": 4,
  "L_inst": 0.3772916666666667,
  "ell_lock": 7.275999499364463,
  "Q_clock": 0.015806772642773918
}