{
  "W_coh": 50,
  "N": 1,
  "L_inst": 1.0,
  "ell_lock": 18.92565232248212,
  "Q_clock": 0.005861211785976472
}