{
  "W_coh": 50,
  "N": 4,
  "L_inst": 0.7063888888888888,
  "ell_lock": 27.964787010808482,
  "Q_clock": 0.018142587065361336
}