{
  "W_coh": 100,
  "N": 4,
  "L_inst": 0.3726041666666667,
  "ell_lock": 26.281784062158856,
  "Q_clock": 0.048117001513418245
}