{
  "W_coh": 50,
  "N": 2,
  "L_inst": 0.7137847222222222,
  "ell_lock": 13.069847014898176,
  "Q_clock": 0.5662339914915667
}