{
  "W_coh": 100,
  "N": 8,
  "L_inst": 0.9259068467881945,
  "ell_lock": 474.8158207516747,
  "Q_clock": 0.06622439253742722
}