{
  "W_coh": 100,
  "N": 2,
  "L_inst": 0.7931684027777778,
  "ell_lock": 20.578318026265304,
  "Q_clock": 0.8685894533118595
}