{
  "W_coh": 100,
  "N": 32,
  "L_inst": 0.9617830403645833,
  "ell_lock": 3.8318326821994475,
  "Q_clock": 0.09390522676116007
}