{
  "W_coh": 100,
  "N": 2,
  "L_inst": 0.7972916666666666,
  "ell_lock": 26.197534756226233,
  "Q_clock": 0.8149471219924072
}