{
  "W_coh": 20,
  "N": 8,
  "L_inst": 0.27280902777777777,
  "ell_lock": 9.599632395750373,
  "Q_clock": 0.013222036139292067
}