{
  "W_coh": 50,
  "N": 4,
  "L_inst": 0.41903819444444446,
  "ell_lock": 18.514666947887722,
  "Q_clock": 0.005111754137247213
}