{
  "W_coh": 50,
  "N": 32,
  "L_inst": 0.34755533854166665,
  "ell_lock": 64.76156179744787,
  "Q_clock": 0.14561547466470043
}