{
  "W_coh": 100,
  "N": 4,
  "L_inst": 0.4545590277777778,
  "ell_lock": 40.61739552197706,
  "Q_clock": 0.01057091448426066
}