{
  "W_coh": 50,
  "N": 1,
  "L_inst": 1.0,
  "ell_lock": 18.380015763436838,
  "Q_clock": 0.009111489302009699
}