{
  "W_coh": 100,
  "N": 32,
  "L_inst": 0.3059038628472222,
  "ell_lock": 105.0358673572413,
  "Q_clock": 0.18504810024198753
}