{
  "W_coh": 50,
  "N": 1,
  "L_inst": 1.0,
  "ell_lock": 18.724812561852016,
  "Q_clock": 0.010778403808312832
}