{
  "W_coh": 50,
  "N": 16,
  "L_inst": 0.5846522352430555,
  "ell_lock": 102.30729287646074,
  "Q_clock": 0.6369223955132683
}