{
  "W_coh": 50,
  "N": 4,
  "L_inst": 0.8178819444444444,
  "ell_lock": 34.75662283957845,
  "Q_clock": 0.6404403402058442
}