{
  "W_coh": 100,
  "N": 8,
  "L_inst": 0.9072934027777778,
  "ell_lock": 278.07864487581486,
  "Q_clock": 0.0066657636408155195
}