{
  "W_coh": 20,
  "N": 2,
  "L_inst": 0.6245763888888889,
  "ell_lock": 10.062045559598308,
  "Q_clock": 0.28366781859668716
}