{
  "W_coh": 100,
  "N": 2,
  "L_inst": 0.7882638888888889,
  "ell_lock": 18.80167962056415,
  "Q_clock": 0.8480332568030695
}