{
  "W_coh": 20,
  "N": 4,
  "L_inst": 0.5931684027777778,
  "ell_lock": 10.115303685067056,
  "Q_clock": 0.0019046818864879205
}