{
  "W_coh": 20,
  "N": 1,
  "L_inst": 1.0,
  "ell_lock": 7.950193723357988,
  "Q_clock": 0.019934515213098723
}