{
  "W_coh": 100,
  "N": 8,
  "L_inst": 0.9100911458333333,
  "ell_lock": 53.02792994333107,
  "Q_clock": 0.08061545496398996
}