{
  "W_coh": 20,
  "N": 8,
  "L_inst": 0.6934756944444445,
  "ell_lock": 23.60338081562453,
  "Q_clock": 0.325364682285212
}