{
  "W_coh": 50,
  "N": 8,
  "L_inst": 0.8924620225694444,
  "ell_lock": 192.94166400454284,
  "Q_clock": 0.47652293941373447
}