{
  "W_coh": 20,
  "N": 16,
  "L_inst": 0.2780490451388889,
  "ell_lock": 9.660276432588724,
  "Q_clock": 0.011965588600465118
}