{
  "W_coh": 100,
  "N": 2,
  "L_inst": 0.5015874565972223,
  "ell_lock": 26.264804522664296,
  "Q_clock": 0.002063729255456829
}