{
  "W_coh": 50,
  "N": 1,
  "L_inst": 1.0,
  "ell_lock": 16.21020108021697,
  "Q_clock": 0.008159993877292557
}