{
  "W_coh": 50,
  "N": 2,
  "L_inst": 0.7167916666666667,
  "ell_lock": 17.196645108410507,
  "Q_clock": 0.5880864901002711
}