{
  "W_coh": 20,
  "N": 8,
  "L_inst": 0.6467274305555556,
  "ell_lock": 16.388066804482904,
  "Q_clock": 0.010627403133355643
}