{
  "W_coh": 50,
  "N": 4,
  "L_inst": 0.8396934678819444,
  "ell_lock": 38.606954106433214,
  "Q_clock": 0.5826190903688001
}