{
  "W_coh": 50,
  "N": 2,
  "L_inst": 0.7180763888888889,
  "ell_lock": 16.3818627269609,
  "Q_clock": 0.5891061794033294
}