{
  "W_coh": 50,
  "N": 1,
  "L_inst": 1.0,
  "ell_lock": 14.30974906969595,
  "Q_clock": 0.038291931247641964
}