{
  "W_coh": 50,
  "N": 32,
  "L_inst": 0.9245299614800347,
  "ell_lock": 4.833497697942306,
  "Q_clock": 0.031115545255716765
}