{
  "W_coh": 50,
  "N": 16,
  "L_inst": 0.8867485894097222,
  "ell_lock": 176.78369390230932,
  "Q_clock": 0.020197584681257253
}