{
  "W_coh": 20,
  "N": 8,
  "L_inst": 0.6323489583333334,
  "ell_lock": 22.018854697519888,
  "Q_clock": 0.010527270963145565
}