{
  "W_coh": 50,
  "N": 16,
  "L_inst": 0.8408745659722222,
  "ell_lock": 15.241864663335784,
  "Q_clock": 0.01863371835989725
}