{
  "W_coh": 50,
  "N": 4,
  "L_inst": 0.6640694444444445,
  "ell_lock": 24.212691682514045,
  "Q_clock": 0.5967672284483839
}