{
  "W_coh": 50,
  "N": 1,
  "L_inst": 1.0,
  "ell_lock": 15.094063044347351,
  "Q_clock": 0.020212460904183754
}