{
  "W_coh": 20,
  "N": 8,
  "L_inst": 0.27133246527777777,
  "ell_lock": 7.64566154444233,
  "Q_clock": 0.01057320407584048
}