{
  "W_coh": 100,
  "N": 1,
  "L_inst": 1.0,
  "ell_lock": 33.85443553884282,
  "Q_clock": 0.024090320623277157
}