{
  "W_coh": 20,
  "N": 2,
  "L_inst": 0.6154991319444445,
  "ell_lock": 7.106048447605794,
  "Q_clock": 0.2796988319052445
}