{
  "W_coh": 20,
  "N": 1,
  "L_inst": 1.0,
  "ell_lock": 10.267704511560694,
  "Q_clock": 0.00476394294717436
}