{
  "W_coh": 20,
  "N": 16,
  "L_inst": 0.7933717854817708,
  "ell_lock": 170.070124522508,
  "Q_clock": 0.33456954241269954
}