{
  "W_coh": 100,
  "N": 1,
  "L_inst": 1.0,
  "ell_lock": 30.390652634704765,
  "Q_clock": 0.019545398989608585
}