{
  "W_coh": 100,
  "N": 32,
  "L_inst": 0.9620765516493055,
  "ell_lock": 4.8646539342064266,
  "Q_clock": 0.015560540862877763
}