{
  "W_coh": 100,
  "N": 8,
  "L_inst": 0.7947309027777778,
  "ell_lock": 136.2968275033859,
  "Q_clock": 0.8314815077934595
}