{
  "W_coh": 100,
  "N": 4,
  "L_inst": 0.3708680555555556,
  "ell_lock": 30.735864320045078,
  "Q_clock": 0.047581501155720914
}