{
  "W_coh": 20,
  "N": 1,
  "L_inst": 1.0,
  "ell_lock": 7.175333581339758,
  "Q_clock": 0.007812738429493593
}