{
  "W_coh": 50,
  "N": 2,
  "L_inst": 0.49548936631944446,
  "ell_lock": 14.81600254190354,
  "Q_clock": 0.0031307790316276473
}