{
  "W_coh": 100,
  "N": 1,
  "L_inst": 1.0,
  "ell_lock": 26.126314179799635,
  "Q_clock": 0.0012500009765636444
}