{
  "W_coh": 20,
  "N": 4,
  "L_inst": 0.5249826388888889,
  "ell_lock": 11.007630266398039,
  "Q_clock": 0.2905802428259545
}