{
  "W_coh": 100,
  "N": 16,
  "L_inst": 0.735509033203125,
  "ell_lock": 290.5355712449871,
  "Q_clock": 0.695249732027325
}