{
  "W_coh": 20,
  "N": 2,
  "L_inst": 0.4981597222222222,
  "ell_lock": 7.296021130938989,
  "Q_clock": 0.0012298822794548515
}