{
  "W_coh": 50,
  "N": 16,
  "L_inst": 0.34317708333333335,
  "ell_lock": 31.05112411639149,
  "Q_clock": 0.05372055712966966
}