{
  "W_coh": 20,
  "N": 8,
  "L_inst": 0.4468229166666667,
  "ell_lock": 10.060590231531565,
  "Q_clock": 0.29352827478654714
}