{
  "W_coh": 20,
  "N": 4,
  "L_inst": 0.5814930555555555,
  "ell_lock": 9.350290096274437,
  "Q_clock": 0.002361576495874064
}