{
  "W_coh": 50,
  "N": 4,
  "L_inst": 0.3748003472222222,
  "ell_lock": 14.054586285667368,
  "Q_clock": 0.013449987756833088
}