{
  "W_coh": 50,
  "N": 2,
  "L_inst": 0.5065972222222223,
  "ell_lock": 17.834047563375393,
  "Q_clock": 0.003512459178540305
}