{
  "W_coh": 100,
  "N": 8,
  "L_inst": 0.2709331597222222,
  "ell_lock": 25.08971896710572,
  "Q_clock": 0.0198262894996074
}