{
  "W_coh": 20,
  "N": 2,
  "L_inst": 0.4943194444444444,
  "ell_lock": 10.335901448927762,
  "Q_clock": 0.0019161794932735336
}