{
  "W_coh": 50,
  "N": 2,
  "L_inst": 0.5026215277777778,
  "ell_lock": 13.55622792219824,
  "Q_clock": 0.006979308745900069
}