{
  "W_coh": 100,
  "N": 2,
  "L_inst": 0.4939236111111111,
  "ell_lock": 25.412765137903957,
  "Q_clock": 0.0011857391670178445
}