{
  "W_coh": 50,
  "N": 2,
  "L_inst": 0.7158611111111111,
  "ell_lock": 18.707811816471324,
  "Q_clock": 0.5852229825558627
}