{
  "W_coh": 100,
  "N": 4,
  "L_inst": 0.7974305555555555,
  "ell_lock": 82.45010013452696,
  "Q_clock": 0.007776442793287079
}