{
  "W_coh": 20,
  "N": 1,
  "L_inst": 1.0,
  "ell_lock": 7.409006732985669,
  "Q_clock": 0.0004253472606991924
}