{
  "W_coh": 50,
  "N": 4,
  "L_inst": 0.7103680555555556,
  "ell_lock": 37.19414870379899,
  "Q_clock": 0.026227466324445784
}