{
  "W_coh": 100,
  "N": 1,
  "L_inst": 1.0,
  "ell_lock": 30.206155493513815,
  "Q_clock": 0.00888924007568089
}