{
  "W_coh": 20,
  "N": 32,
  "L_inst": 0.24564887152777778,
  "ell_lock": 12.601957729844887,
  "Q_clock": 0.0011506557412847252
}