{
  "W_coh": 50,
  "N": 2,
  "L_inst": 0.7090342881944445,
  "ell_lock": 13.950220069310276,
  "Q_clock": 0.5517617337444636
}