{
  "W_coh": 50,
  "N": 1,
  "L_inst": 1.0,
  "ell_lock": 17.8829857531263,
  "Q_clock": 0.012695467416088731
}