{
  "W_coh": 20,
  "N": 8,
  "L_inst": 0.449765625,
  "ell_lock": 13.65512320722724,
  "Q_clock": 0.2879287049475639
}