{
  "W_coh": 50,
  "N": 8,
  "L_inst": 0.8534440104166666,
  "ell_lock": 169.03457911343145,
  "Q_clock": 0.027575568189596337
}