{
  "W_coh": 100,
  "N": 2,
  "L_inst": 0.7949338107638889,
  "ell_lock": 22.551091186928446,
  "Q_clock": 0.8430336234395263
}