{
  "W_coh": 100,
  "N": 4,
  "L_inst": 0.3711284722222222,
  "ell_lock": 21.60514420113536,
  "Q_clock": 0.05484151430083269
}