{
  "W_coh": 100,
  "N": 8,
  "L_inst": 0.9441417100694445,
  "ell_lock": 641.6572903479401,
  "Q_clock": 0.7702233211334215
}