{
  "W_coh": 20,
  "N": 1,
  "L_inst": 1.0,
  "ell_lock": 10.327706187834552,
  "Q_clock": 0.008472526300502626
}