{
  "W_coh": 50,
  "N": 8,
  "L_inst": 0.6537413194444445,
  "ell_lock": 42.875359711604226,
  "Q_clock": 0.5695909608523795
}