{
  "W_coh": 100,
  "N": 8,
  "L_inst": 0.27175347222222224,
  "ell_lock": 24.349335352132538,
  "Q_clock": 0.037459098334182754
}