{
  "W_coh": 100,
  "N": 1,
  "L_inst": 1.0,
  "ell_lock": 34.06559997370556,
  "Q_clock": 0.023228486298388917
}