{
  "W_coh": 20,
  "N": 8,
  "L_inst": 0.3188020833333333,
  "ell_lock": 11.296664560753,
  "Q_clock": 0.0013905167669454853
}