{
  "W_coh": 50,
  "N": 4,
  "L_inst": 0.411875,
  "ell_lock": 16.06366986649015,
  "Q_clock": 0.021749148963296838
}