{
  "W_coh": 20,
  "N": 16,
  "L_inst": 0.6754730902777778,
  "ell_lock": 56.510817673465,
  "Q_clock": 0.009776984492831995
}