{
  "W_coh": 100,
  "N": 1,
  "L_inst": 1.0,
  "ell_lock": 23.172595371127255,
  "Q_clock": 0.010868697450607864
}