{
  "W_coh": 50,
  "N": 8,
  "L_inst": 0.8904728190104166,
  "ell_lock": 247.89440212413894,
  "Q_clock": 0.5941924897782445
}