{
  "W_coh": 20,
  "N": 8,
  "L_inst": 0.6006145833333333,
  "ell_lock": 19.84470589239952,
  "Q_clock": 0.012721944667993585
}