{
  "W_coh": 100,
  "N": 8,
  "L_inst": 0.37807986111111114,
  "ell_lock": 41.861796615471235,
  "Q_clock": 0.03010745553786789
}