{
  "W_coh": 50,
  "N": 8,
  "L_inst": 0.8167552083333334,
  "ell_lock": 138.36543940696365,
  "Q_clock": 0.0025042139725476222
}