{
  "W_coh": 50,
  "N": 4,
  "L_inst": 0.7350613064236111,
  "ell_lock": 33.37891851291626,
  "Q_clock": 0.003687132476459102
}