{
  "W_coh": 50,
  "N": 2,
  "L_inst": 0.4959548611111111,
  "ell_lock": 13.032817947302032,
  "Q_clock": 0.02394418894521697
}