{
  "W_coh": 100,
  "N": 8,
  "L_inst": 0.7475329861111111,
  "ell_lock": 109.05138161930985,
  "Q_clock": 0.9118714185042864
}