{
  "W_coh": 50,
  "N": 4,
  "L_inst": 0.6870798611111111,
  "ell_lock": 32.90297668318157,
  "Q_clock": 0.00034540554949685407
}