{
  "W_coh": 20,
  "N": 16,
  "L_inst": 0.3965314398871528,
  "ell_lock": 14.195639562490015,
  "Q_clock": 0.2917742978061189
}