{
  "W_coh": 100,
  "N": 4,
  "L_inst": 0.7732326388888889,
  "ell_lock": 46.08642581822226,
  "Q_clock": 0.7859867440332491
}