{
  "W_coh": 50,
  "N": 2,
  "L_inst": 0.500625,
  "ell_lock": 18.710964430926545,
  "Q_clock": 0.01366347013876978
}