{
  "W_coh": 20,
  "N": 8,
  "L_inst": 0.7480479600694444,
  "ell_lock": 24.861463353303954,
  "Q_clock": 0.28808531479240246
}