{
  "W_coh": 100,
  "N": 2,
  "L_inst": 0.5139583333333333,
  "ell_lock": 32.74850783112268,
  "Q_clock": 0.0002518528754216643
}