{
  "W_coh": 100,
  "N": 4,
  "L_inst": 0.7630729166666667,
  "ell_lock": 43.98541385300334,
  "Q_clock": 0.9297675090133044
}