{
  "W_coh": 20,
  "N": 1,
  "L_inst": 1.0,
  "ell_lock": 10.844190088677589,
  "Q_clock": 0.003402797478154888
}