{
  "W_coh": 50,
  "N": 8,
  "L_inst": 0.27565104166666665,
  "ell_lock": 15.48554827856154,
  "Q_clock": 0.005082083931040135
}