{
  "W_coh": 20,
  "N": 16,
  "L_inst": 0.7936832682291667,
  "ell_lock": 130.41727686286214,
  "Q_clock": 0.3052958846692969
}