{
  "W_coh": 50,
  "N": 2,
  "L_inst": 0.5004375,
  "ell_lock": 18.194962521207724,
  "Q_clock": 0.01866467087841489
}