{
  "W_coh": 100,
  "N": 1,
  "L_inst": 1.0,
  "ell_lock": 30.979002323227927,
  "Q_clock": 0.026147823054281885
}