{
  "W_coh": 100,
  "N": 1,
  "L_inst": 1.0,
  "ell_lock": 25.32470952268391,
  "Q_clock": 0.013838130323727046
}