{
  "W_coh": 50,
  "N": 16,
  "L_inst": 0.9114438205295139,
  "ell_lock": 223.31643914118698,
  "Q_clock": 0.09067155512213347
}