{
  "W_coh": 50,
  "N": 4,
  "L_inst": 0.3777013888888889,
  "ell_lock": 17.97142082340192,
  "Q_clock": 0.015122444988546854
}