{
  "W_coh": 20,
  "N": 2,
  "L_inst": 0.61453125,
  "ell_lock": 6.859684547277432,
  "Q_clock": 0.27012163191536964
}