{
  "W_coh": 50,
  "N": 8,
  "L_inst": 0.8290277777777778,
  "ell_lock": 102.17787292341833,
  "Q_clock": 0.07542452384324956
}