{
  "W_coh": 50,
  "N": 4,
  "L_inst": 0.8401909722222223,
  "ell_lock": 33.7238324316296,
  "Q_clock": 0.5204925095772039
}