{
  "W_coh": 100,
  "N": 4,
  "L_inst": 0.9204752604166667,
  "ell_lock": 86.33879962338318,
  "Q_clock": 0.9478788236717324
}