{
  "W_coh": 50,
  "N": 8,
  "L_inst": 0.8564305555555556,
  "ell_lock": 143.10686135094434,
  "Q_clock": 0.5800767820358939
}