{
  "W_coh": 50,
  "N": 4,
  "L_inst": 0.6440277777777778,
  "ell_lock": 15.90129820495941,
  "Q_clock": 0.6135001020050507
}