{
  "W_coh": 50,
  "N": 8,
  "L_inst": 0.37582899305555556,
  "ell_lock": 20.83205960516194,
  "Q_clock": 0.014530763783584687
}