{
  "W_coh": 20,
  "N": 2,
  "L_inst": 0.6158940972222222,
  "ell_lock": 7.176572505830099,
  "Q_clock": 0.2839156087375424
}