{
  "W_coh": 100,
  "N": 2,
  "L_inst": 0.49833333333333335,
  "ell_lock": 23.867318494765133,
  "Q_clock": 0.04071108275505403
}