{
  "W_coh": 50,
  "N": 8,
  "L_inst": 0.6038237847222222,
  "ell_lock": 26.257090474269294,
  "Q_clock": 0.5989059371020211
}