{
  "W_coh": 100,
  "N": 16,
  "L_inst": 0.9548777262369792,
  "ell_lock": 5.139553437928642,
  "Q_clock": 0.173939632222765
}