{
  "W_coh": 20,
  "N": 16,
  "L_inst": 0.7396378580729167,
  "ell_lock": 90.00492542433945,
  "Q_clock": 0.011638911729651882
}