{
  "W_coh": 50,
  "N": 16,
  "L_inst": 0.5854427083333333,
  "ell_lock": 69.16005158840638,
  "Q_clock": 0.6344008967318516
}