{
  "W_coh": 20,
  "N": 4,
  "L_inst": 0.5166232638888889,
  "ell_lock": 7.668074071488493,
  "Q_clock": 0.27684757914990954
}