{
  "W_coh": 100,
  "N": 4,
  "L_inst": 0.9201491970486111,
  "ell_lock": 113.20358748687397,
  "Q_clock": 0.8439723925858439
}