{
  "W_coh": 20,
  "N": 2,
  "L_inst": 0.5001875,
  "ell_lock": 9.654687351142432,
  "Q_clock": 0.0126381736528197
}