{
  "W_coh": 50,
  "N": 1,
  "L_inst": 1.0,
  "ell_lock": 18.003332584840887,
  "Q_clock": 0.003097237077823304
}