{
  "W_coh": 20,
  "N": 8,
  "L_inst": 0.4462109375,
  "ell_lock": 9.642422124427103,
  "Q_clock": 0.3267226470659438
}